
CREATE SCHEMA bike_sharing;


CREATE TABLE bike_sharing.acara (
    id_acara character varying(10) NOT NULL,
    judul character varying(100) NOT NULL,
    deskripsi text,
    tgl_mulai date NOT NULL,
    tgl_akhir date NOT NULL,
    is_free boolean NOT NULL
);




CREATE TABLE bike_sharing.acara_stasiun (
    id_stasiun character varying(10) NOT NULL,
    id_acara character varying(10) NOT NULL
);




CREATE TABLE bike_sharing.anggota (
    no_kartu character varying(10) NOT NULL,
    saldo real,
    points integer,
    ktp character varying(20) NOT NULL
);



CREATE TABLE bike_sharing.laporan (
    id_laporan character varying(10) NOT NULL,
    no_kartu_anggota character varying(10) NOT NULL,
    datetime_pinjam timestamp without time zone NOT NULL,
    nomor_sepeda character varying(10) NOT NULL,
    id_stasiun character varying(10) NOT NULL,
    status character varying(20) NOT NULL
);




CREATE TABLE bike_sharing.peminjaman (
    no_kartu_anggota character varying(10) NOT NULL,
    datetime_pinjam timestamp without time zone NOT NULL,
    nomor_sepeda character varying(10) NOT NULL,
    id_stasiun character varying(10) NOT NULL,
    datetime_kembali timestamp without time zone,
    biaya real,
    denda real
);



CREATE TABLE bike_sharing.penugasan (
    ktp character varying(20) NOT NULL,
    start_datetime timestamp without time zone NOT NULL,
    id_stasiun character varying(10) NOT NULL,
    end_datetime timestamp without time zone NOT NULL
);




CREATE TABLE bike_sharing.person (
    ktp character varying(20) NOT NULL,
    email character varying(50) NOT NULL,
    nama character varying(50) NOT NULL,
    alamat text,
    tgl_lahir date NOT NULL,
    no_telp character varying(20)
);




CREATE TABLE bike_sharing.petugas (
    ktp character varying(20) NOT NULL,
    gaji real NOT NULL
);



CREATE TABLE bike_sharing.sepeda (
    nomor character varying(10) NOT NULL,
    merk character varying(10) NOT NULL,
    jenis character varying(50) NOT NULL,
    status boolean NOT NULL,
    id_stasiun character varying(10) NOT NULL,
    no_kartu_penyumbang character varying(20)
);




CREATE TABLE bike_sharing.stasiun (
    id_stasiun character varying(10) NOT NULL,
    alamat text NOT NULL,
    lat real,
    long real,
    nama character varying(50) NOT NULL
);




CREATE TABLE bike_sharing.transaksi (
    no_kartu_anggota character varying(10) NOT NULL,
    date_time timestamp without time zone NOT NULL,
    jenis character varying(20) NOT NULL,
    nominal real NOT NULL
);



CREATE TABLE bike_sharing.transaksi_khusus_peminjaman (
    no_kartu_anggota character varying(10) NOT NULL,
    date_time timestamp without time zone NOT NULL,
    no_kartu_peminjam character varying(10),
    datetime_pinjam timestamp without time zone,
    no_sepeda character varying(10),
    id_stasiun character varying(10)
);




CREATE TABLE bike_sharing.voucher (
    id_voucher character varying(10) NOT NULL,
    nama character varying(255) NOT NULL,
    kategori character varying(255) NOT NULL,
    nilai_poin real NOT NULL,
    deskripsi text,
    no_kartu_anggota character varying(10)
);




COPY bike_sharing.acara (id_acara, judul, deskripsi, tgl_mulai, tgl_akhir, is_free) FROM stdin;
4638997388	Donor Darah PMI	Donor Darah	2018-02-02	2018-02-03	t
7776022540	Bazar Pakaian	Jual Pakaian	2018-06-27	2018-07-07	t
380830473	Talk Show	Diskusi Artis	2018-11-29	2018-11-30	f
7450506765	Senam Bersama	Senam	2018-11-07	2018-11-07	t
2526896136	Sepeda Gembira	Pergi Bersepeda	2018-08-05	2018-08-05	t
8806086329	Kemerdekaan RI	Lomba dan event	2018-08-17	2018-08-18	t
3343942311	Lomba Balap Sepeda	Lomba Sepeda	2018-12-03	2018-12-04	f
2593736907	Bazar Makanan Murah	Jual Makanan	2018-07-20	2018-07-22	t
2019536366	Bazar Minuman Murah	Jual Minuman	2018-11-03	2018-11-05	f
9199887463	Jalan Santai	Jalan Bersama	2018-09-22	2018-09-22	t
\.


--
-- Data for Name: acara_stasiun; Type: TABLE DATA; Schema: bike_sharing; Owner: db2018043
--

COPY bike_sharing.acara_stasiun (id_stasiun, id_acara) FROM stdin;
3837253562	4638997388
3837253562	7776022540
1357777809	4638997388
1357777809	7776022540
1357777809	380830473
6425861886	4638997388
0428002676	9199887463
0428002676	2019536366
6425861886	380830473
6425861886	7776022540
0428002676	2593736907
9096044711	7450506765
0428002676	3343942311
0428002676	8806086329
5991291160	4638997388
8098087360	4638997388
8098087360	7776022540
8098087360	2526896136
8098087360	3343942311
5991291160	9199887463
1681691043	8806086329
5991291160	8806086329
1681691043	3343942311
9096044711	2526896136
1681691043	2593736907
\.


--
-- Data for Name: anggota; Type: TABLE DATA; Schema: bike_sharing; Owner: db2018043
--

COPY bike_sharing.anggota (no_kartu, saldo, points, ktp) FROM stdin;
6518856692	77116	221	52813481667799300000
1317810448	116127	986	78900250899258700000
6237746507	32689	8	39511977104706700000
8407388522	293444	880	65302985726919200000
131081994	211997	895	30471037721434700000
1517683826	634932	615	12480081056580300000
5086620137	975976	638	99327332362033700000
9167927654	25135	471	39837692130274100000
5939417307	\N	\N	44484237549777800000
9103683607	\N	\N	32225560109880800000
450043801	\N	\N	9185540750118850000
6071887584	718299	346	58818127384131200000
5260883654	666101	581	53065084198194700000
3423060898	364620	506	83869310868061900000
7253985490	256357	397	6038292050671900000
1583865438	270215	635	78371410591386700000
2436034767	786475	\N	27275035363780700000
967894736	180765	594	41359624929706900000
7013819507	60176	906	5874979533403430000
6375013965	107906	465	50102312572269900000
2593438459	977174	669	92140299095311900000
6445175004	188585	\N	81866137431349000000
8878154008	162771	689	82515965237468500000
2924747040	629025	512	66224667483840000000
7009717941	684656	260	56766172520167900000
1418506018	260965	151	41168882853937000000
9574531770	254564	\N	59133628896231500000
2533869562	94080	377	44715735547447400000
8082921638	890480	122	36712955232691900000
1792482745	364829	103	53305355159000300000
4514433637	757320	608	24852184023410500000
25054823	567372	\N	45665115465432300000
5515693250	198365	101	63482626413018800000
6873052691	714341	379	25079735702764800000
4365866327	573656	151	36530714135382700000
6107950633	265530	346	31121769890547200000
8398917650	315072	298	57748706195903800000
5192020862	451709	309	16070333290409400000
6433021479	471781	489	39843190564964900000
6768594953	500424	893	42805173267828500000
2609798802	476209	9	80306678737042400000
1152716705	\N	\N	91193983689279000000
7433488007	780810	518	87227519374495900000
2877947290	\N	\N	94938438068521200000
6950199628	6320	429	93119725427679900000
2280007178	237032	633	89553380902065100000
8775028187	498672	245	32788019040900800000
5072021042	613135	162	81431551003094900000
1095381195	141510	114	48508758602130300000
9328581451	407166	866	226896449180423000
4066894403	526666	906	60905101081397600000
2635268019	375583	272	27561355591706900000
2085177178	83664	279	29770319367065400000
4170216822	537996	\N	21414515854578700000
5953175415	144469	982	86540372804538400000
2903257695	412840	3	24430453108539000000
3037539361	12850	69	78367783901695300000
4707625755	604956	998	77821123017385700000
9192876330	809052	955	77258048497359200000
4498058633	222140	\N	74370870263096900000
3490453720	979536	381	48996809798180100000
3877752493	200000	626	64638507084323800000
604065274	776696	352	61477042458031800000
7642205090	226261	964	40065839830541600000
4597081008	461459	538	37849162303439500000
6335535955	476367	499	6352718642918210000
288386672	608846	\N	16189565189774300000
2123869235	178883	872	75359377328631900000
8787488825	438003	576	63496841775118100000
4549357559	558632	684	33755607549397000000
\.


--
-- Data for Name: laporan; Type: TABLE DATA; Schema: bike_sharing; Owner: db2018043
--

COPY bike_sharing.laporan (id_laporan, no_kartu_anggota, datetime_pinjam, nomor_sepeda, id_stasiun, status) FROM stdin;
8230220158	1317810448	2018-04-05 21:59:00	8102353281	1357777809	Dikembalikan
4365429655	6237746507	2018-08-02 13:07:00	8282779129	5131629586	Dipinjam
3375823703	8407388522	2018-11-14 17:25:00	7732326619	1357777809	Tidak Tersedia
1728559367	131081994	2018-01-22 13:25:00	2850321447	5131629586	Dipinjam
9202861145	1517683826	2018-10-21 00:49:00	1072128748	5131629586	Dikembalikan
6982608379	5939417307	2018-05-04 08:47:00	8010371788	5991291160	Dikembalikan
3627618505	9103683607	2018-05-21 20:57:00	9772787024	5131629586	Dikembalikan
9202861145	7433488007	2018-06-12 01:57:00	7854169397	4925129139	Dikembalikan
1728559367	1152716705	2018-03-13 05:11:00	4628989391	4208390123	Dipinjam
8628789087	967894736	2018-05-07 02:57:00	9803120831	4208390123	Dikembalikan
\.


--
-- Data for Name: peminjaman; Type: TABLE DATA; Schema: bike_sharing; Owner: db2018043
--

COPY bike_sharing.peminjaman (no_kartu_anggota, datetime_pinjam, nomor_sepeda, id_stasiun, datetime_kembali, biaya, denda) FROM stdin;
131081994	2018-08-02 13:07:00	8282779129	5131629586	2018-08-02 01:24:00	10000	100000
6237746507	2018-01-22 13:25:00	2850321447	5131629586	2018-01-22 18:00:00	5000	\N
8407388522	2018-10-21 00:49:00	1072128748	5131629586	2018-10-21 04:33:00	4000	\N
1517683826	2018-11-14 17:25:00	7732326619	1357777809	2018-11-14 18:21:00	1000	\N
9103683607	2018-05-04 08:47:00	8010371788	5991291160	2018-05-04 15:57:00	8000	\N
5939417307	2018-05-21 20:57:00	9772787024	5131629586	2018-05-21 22:28:00	2000	\N
5260883654	2018-12-25 08:59:00	5416229252	9104698282	2018-12-25 09:50:00	1000	\N
450043801	2018-03-13 18:31:00	540098460	9104698282	2018-03-13 03:23:00	9000	\N
7253985490	2018-10-25 21:18:00	6134716610	1681691043	2018-10-25 08:28:00	10000	100000
3423060898	2018-05-31 12:43:00	5136174378	2191292976	2018-08-23 00:32:00	\N	\N
1317810448	2018-04-05 21:59:00	8102353281	1357777809	2018-04-06 00:48:00	3000	\N
6237746507	2018-08-02 13:07:00	8282779129	5131629586	2018-08-02 01:24:00	10000	100000
8407388522	2018-11-14 17:25:00	7732326619	1357777809	2018-11-14 18:21:00	1000	\N
131081994	2018-01-22 13:25:00	2850321447	5131629586	2018-01-22 18:00:00	5000	\N
1517683826	2018-10-21 00:49:00	1072128748	5131629586	2018-10-21 04:33:00	4000	\N
5939417307	2018-05-04 08:47:00	8010371788	5991291160	2018-05-04 15:57:00	8000	\N
9103683607	2018-05-21 20:57:00	9772787024	5131629586	2018-05-21 22:28:00	2000	\N
450043801	2018-12-25 08:59:00	5416229252	9104698282	2018-12-25 09:50:00	1000	\N
5260883654	2018-03-13 18:31:00	540098460	9104698282	2018-03-13 03:23:00	9000	\N
3423060898	2018-10-25 21:18:00	6134716610	1681691043	2018-10-25 08:28:00	10000	100000
7253985490	2018-05-31 12:43:00	5136174378	2191292976	2018-08-23 00:32:00	\N	\N
1583865438	2018-05-03 19:43:00	321056141	3710606640	\N	\N	\N
2436034767	2018-12-29 17:31:00	7960460388	6425861886	\N	\N	\N
967894736	2018-05-07 02:57:00	9803120831	4208390123	2018-05-07 18:00:00	10000	350000
6375013965	2018-05-14 04:12:00	2912768451	5991291160	2018-05-14 17:58:00	10000	200000
2593438459	2018-11-09 17:33:00	5598919725	5131629586	2018-11-09 18:50:00	2000	\N
6445175004	2018-03-16 14:29:00	1330009674	9104698282	2018-03-06 16:57:00	3000	\N
8878154008	2018-02-02 21:01:00	1907768438	9104698282	2018-02-03 07:23:00	10000	50000
2924747040	2018-11-02 18:18:00	2030994868	9104698282	\N	\N	\N
9574531770	2018-07-04 00:40:00	1856939308	2191292976	2018-07-04 21:34:00	10000	550000
2533869562	2018-06-21 18:38:00	9046761950	3710606640	2018-06-22 01:16:00	7000	\N
8082921638	2018-12-13 12:33:00	9036272767	5131629586	\N	\N	\N
1792482745	2018-09-13 00:11:00	3038513591	5131629586	2018-09-13 11:32:00	10000	100000
4514433637	2018-05-28 13:34:00	9939671283	5131629586	2018-05-28 15:12:00	2000	\N
25054823	2018-10-14 12:09:00	310223240	6786585132	\N	\N	\N
5515693250	2018-05-28 23:13:00	1791059432	0428002676	2018-05-28 23:50:00	1000	\N
6873052691	2018-11-03 08:16:00	160200544	9269756831	\N	\N	\N
4365866327	2018-10-23 00:15:00	8602966281	9269756831	2018-10-23 15:21:00	10000	300000
6107950633	2018-10-30 13:59:00	9201510973	4925129139	\N	\N	\N
8398917650	2018-04-07 04:40:00	1469543774	6786585132	2018-04-07 06:42:00	3000	\N
5192020862	2018-10-23 05:34:00	8851561247	4208390123	2018-10-23 09:43:00	5000	\N
6433021479	2018-02-14 00:57:00	1134488142	9104698282	2018-02-14 14:17:00	10000	150000
6768594953	2018-06-02 22:56:00	6056729083	6112064243	\N	\N	\N
2609798802	2018-05-03 01:49:00	5266664745	9365588847	2018-05-03 09:38:00	8000	\N
1152716705	2018-03-13 05:11:00	4628989391	4208390123	2018-03-13 11:46:00	7000	\N
7433488007	2018-06-12 01:57:00	7854169397	4925129139	2018-06-13 02:00:00	100000	700000
8775028187	2018-09-02 12:35:00	9844768449	4208390123	\N	\N	\N
5072021042	2018-08-11 07:25:00	2816311442	8098087360	2018-08-11 10:17:00	3000	\N
1095381195	2018-03-20 22:41:00	2850321447	5131629586	\N	\N	\N
9328581451	2018-07-16 01:04:00	8282779129	5131629586	\N	\N	\N
\.


--
-- Data for Name: penugasan; Type: TABLE DATA; Schema: bike_sharing; Owner: db2018043
--

COPY bike_sharing.penugasan (ktp, start_datetime, id_stasiun, end_datetime) FROM stdin;
60905101081397600000	2018-09-17 00:00:00	1357777809	2019-06-20 00:00:00
27561355591706900000	2018-06-17 00:00:00	3837253562	2019-10-19 00:00:00
29770319367065400000	2018-01-02 00:00:00	1357777809	2019-03-05 00:00:00
21414515854578700000	2018-08-19 00:00:00	3837253562	2019-03-03 00:00:00
86540372804538400000	2018-02-20 00:00:00	4208390123	2019-10-10 00:00:00
24430453108539000000	2018-11-21 00:00:00	1357777809	2019-05-23 00:00:00
78367783901695300000	2018-09-19 00:00:00	5991291160	2019-01-18 00:00:00
77821123017385700000	2018-08-07 00:00:00	5747260200	2019-07-12 00:00:00
18327661176650900000	2018-08-02 00:00:00	5991291160	2019-06-05 00:00:00
91193983689279000000	2018-08-24 00:00:00	1357777809	2019-07-18 00:00:00
87227519374495900000	2018-12-04 00:00:00	1681691043	2019-10-09 00:00:00
94938438068521200000	2018-08-03 00:00:00	2191292976	2019-05-28 00:00:00
93119725427679900000	2018-07-22 00:00:00	3710606640	2019-03-11 00:00:00
89553380902065100000	2018-02-08 00:00:00	6425861886	2019-09-29 00:00:00
32788019040900800000	2018-02-20 00:00:00	4208390123	2019-10-10 00:00:00
81431551003094900000	2018-11-29 00:00:00	8098087360	2019-01-16 00:00:00
48508758602130300000	2018-07-30 00:00:00	6786585132	2019-07-11 00:00:00
226896449180423000	2018-11-12 00:00:00	4925129139	2019-06-01 00:00:00
30821107635767600000	2018-09-19 00:00:00	5991291160	2019-01-18 00:00:00
36530714135382700000	2018-07-01 00:00:00	5131629586	2019-06-09 00:00:00
31121769890547200000	2018-11-15 00:00:00	0428002676	2019-03-11 00:00:00
57748706195903800000	2018-04-19 00:00:00	9269756831	2019-01-15 00:00:00
16070333290409400000	2018-11-07 00:00:00	4925129139	2019-07-17 00:00:00
39843190564964900000	2018-08-02 00:00:00	5991291160	2019-06-05 00:00:00
42805173267828500000	2018-04-24 00:00:00	9269756831	2019-04-09 00:00:00
80306678737042400000	2018-09-04 00:00:00	0428002676	2019-12-22 00:00:00
74282088795179800000	2018-11-21 00:00:00	6786585132	2019-05-09 00:00:00
44715735547447400000	2018-10-25 00:00:00	8098087360	2019-03-28 00:00:00
36712955232691900000	2018-05-01 00:00:00	4208390123	2019-01-04 00:00:00
53305355159000300000	2018-08-29 00:00:00	6425861886	2019-10-19 00:00:00
\.


--
-- Data for Name: person; Type: TABLE DATA; Schema: bike_sharing; Owner: db2018043
--

COPY bike_sharing.person (ktp, email, nama, alamat, tgl_lahir, no_telp) FROM stdin;
6094658088657212958	lmcquarrie0@goo.ne.jp	Laurena McQuarrie	37 Express Trail	1990-11-23	4271104460
70003909277149400000	cgreenough1@cnet.com	Chiarra Greenough	2472 Arizona Alley	1967-01-02	9026930167
89172535039943500000	lhancill2@imageshack.us	Leonard Hancill	3 Blue Bill Park Plaza	1975-09-10	8363839385
95474773396136000000	jpaye3@nba.com	Jacquelin Paye	1 Blue Bill Park Plaza	1962-01-09	6017399880
74048534372331200000	bskyrme4@bloomberg.com	Buck Skyrme	01 Sutherland Crossing	1964-01-19	6308574127
49758066317147300000	lerasmus5@salon.com	Lawry Erasmus	26103 Morrow Park	1953-10-11	6872823178
25100802447979400000	kspurrett6@lycos.com	Kristofer Spurrett	4111 Manley Trail	1951-02-04	5181440310
89069695652790300000	ldowles7@google.co.jp	Leonard Dowles	111 Larry Court	1968-12-06	\N
47600105863616700000	mleedal8@lycos.com	Marrissa Leedal	05 Artisan Avenue	1965-12-05	2257256087
95221643017770700000	jo9@so-net.ne.jp	Jacquelynn O' Loughran	3 Little Fleur Street	1974-06-13	1578415367
93365274862906200000	ckingswortha@diigo.com	Cindra Kingsworth	\N	1962-12-20	2478091143
58962246034030500000	bjosefovicb@i2i.jp	Becka Josefovic	77 Anzinger Crossing	1961-06-29	6644885504
98054021496966700000	fdainec@google.de	Fredrick Daine	55 Mccormick Trail	1984-09-29	3575626229
21222698789933200000	aprantld@imgur.com	Adan Prantl	84594 Heffernan Circle	1987-11-28	3748345121
80080533513305400000	celgare@merriam-webster.com	Catlee Elgar	46245 South Circle	1962-06-12	2981078236
71154496574553400000	gdowsonf@ycombinator.com	George Dowson	8 Melby Alley	1996-10-17	9126646390
92624575479934300000	selstoneg@oracle.com	Saraann Elstone	9 Melrose Point	1968-05-28	1821422543
39425585407695300000	cchadwyckh@i2i.jp	Chelsea Chadwyck	4629 Sunnyside Road	1952-12-01	2545431281
16189565189774300000	mleaki@unesco.org	Marja Leak	58195 Sutherland Parkway	1996-02-01	5267156447
75359377328631900000	kharcourtj@posterous.com	Kaycee Harcourt	\N	1952-05-19	2314939495
63496841775118100000	lwitteringk@nhs.uk	Lorettalorna Wittering	5 Sullivan Circle	1978-09-22	8642048936
33755607549397000000	cverryanl@newsvine.com	Celina Verryan	199 Amoth Hill	1991-11-18	7082571801
53938581570275200000	jthamem@mozilla.org	Jobey Thame	\N	1959-02-22	\N
50503247217514200000	pcarlettin@ycombinator.com	Prissie Carletti	8110 Graceland Crossing	1988-11-04	8219110652
77258048497359200000	mmarvalo@webmd.com	Miguela Marval	09 Sommers Circle	1973-05-12	2541244900
74370870263096900000	bstallenp@fastcompany.com	Benita Stallen	\N	1999-04-20	7286645587
48996809798180100000	eelixq@un.org	Elias Elix	09 Gina Trail	1985-08-07	2986426617
64638507084323800000	kbreretonr@netlog.com	Kele Brereton	\N	1951-07-08	1101657197
61477042458031800000	gyushmanovs@skyrock.com	Gaultiero Yushmanov	068 Packers Crossing	1976-11-21	1453005613
40065839830541600000	adeverickt@amazon.co.jp	Aaren Deverick	27018 Thackeray Crossing	1958-09-23	7666606953
37849162303439500000	rbuddocku@hhs.gov	Rheta Buddock	439 Bartillon Street	1983-08-30	1381331920
6352718642918210000	amacginleyv@fema.gov	Amanda MacGinley	30 Summit Plaza	2000-06-06	3041233536
70859705344293700000	cmccroww@webeden.co.uk	Carline McCrow	04 Lakeland Terrace	1956-01-20	3332573498
84897904342074100000	egrenshielsx@usgs.gov	Eleanora Grenshiels	4730 Montana Pass	1975-02-18	7905716506
60905101081397600000	lrottey@google.es	Lay Rotte	4 Mccormick Way	1957-04-08	\N
27561355591706900000	ltrudgionz@1und1.de	Lydia Trudgion	628 Trailsway Lane	1998-02-18	4322458086
29770319367065400000	mdummett10@adobe.com	Myca Dummett	79 Jay Lane	1985-10-01	4427526381
21414515854578700000	jmanes11@vinaora.com	Jammie Manes	16 Texas Parkway	1963-04-19	8919860905
86540372804538400000	mcaudrelier12@list-manage.com	Matthew Caudrelier	7524 Mosinee Junction	1976-09-23	3152660818
24430453108539000000	taird13@cargocollective.com	Thornton Aird	9640 Pawling Center	1996-08-30	6771812489
78367783901695300000	fgrewes14@meetup.com	Fidelity Grewes	4 Jay Pass	1977-08-19	9146716098
77821123017385700000	amcelory15@delicious.com	Alric McElory	\N	1967-09-04	4476849709
18327661176650900000	mtrumper16@dell.com	Milty Trumper	9 Miller Street	1991-01-15	1057171878
91193983689279000000	svermer17@yahoo.co.jp	Shellysheldon Vermer	5 Hudson Avenue	2000-06-17	\N
87227519374495900000	rratcliff18@lycos.com	Roxine Ratcliff	1 Judy Pass	1950-01-22	2955155872
94938438068521200000	mwyborn19@eepurl.com	Myrlene Wyborn	79 6th Place	1967-04-23	3987816923
93119725427679900000	lmouser1a@oracle.com	Lou Mouser	1 Superior Plaza	2000-09-11	7252373335
89553380902065100000	dbeverage1b@alexa.com	Dawna Beverage	6 Corry Drive	1959-10-13	2122414062
32788019040900800000	ngarforth1c@army.mil	Nap Garforth	0413 Dunning Crossing	1966-12-31	5372066828
81431551003094900000	skauscher1d@prnewswire.com	Shayna Kauscher	674 Basil Plaza	1972-08-02	4678845593
48508758602130300000	spol1e@artisteer.com	Stefania Pol	1797 Gulseth Court	1957-01-23	3763793072
226896449180423000	nambler1f@ucoz.ru	Nick Ambler	04 Columbus Avenue	1990-10-27	\N
30821107635767600000	lrobeiro1g@reference.com	Luise Robeiro	98005 Farmco Circle	1993-04-13	8387411780
36530714135382700000	fdurand1h@prweb.com	Fania Durand	0691 Lakewood Hill	1962-06-09	1213074301
31121769890547200000	zcrumly1i@godaddy.com	Zara Crumly	7 Nelson Hill	1963-01-19	3158527551
57748706195903800000	mjewson1j@bandcamp.com	Marcela Jewson	42 Jay Pass	1986-07-31	3387928125
16070333290409400000	penright1k@smugmug.com	Pauline Enright	557 Pankratz Plaza	2000-05-08	8528124154
39843190564964900000	npeckitt1l@last.fm	Nathaniel Peckitt	63 Amoth Parkway	1950-11-18	9543180350
42805173267828500000	lpatchett1m@topsy.com	Lucretia Patchett	\N	1998-12-23	7615275406
80306678737042400000	mflowitt1n@unicef.org	Melisent Flowitt	640 Northwestern Lane	1995-02-12	5186793547
74282088795179800000	ctoothill1o@google.es	Carline Toothill	96 Old Gate Pass	1998-01-13	4647556724
44715735547447400000	mscreech1p@sitemeter.com	Mic Screech	0536 Vera Road	1987-07-14	5832708988
36712955232691900000	aplace1q@deviantart.com	Angelia Place	170 Arrowood Crossing	1974-11-18	4253126001
53305355159000300000	ahawkeswood1r@so-net.ne.jp	Angeline Hawkeswood	80580 Hanover Place	1962-11-02	\N
24852184023410500000	cdewis1s@walmart.com	Coral Dewis	9 Troy Drive	1983-06-25	1396736662
45665115465432300000	adallemore1t@miibeian.gov.cn	Allin Dallemore	\N	1987-06-21	9471757737
63482626413018800000	tgomme1u@ycombinator.com	Tom Gomme	92755 Upham Place	1983-01-30	8579886585
25079735702764800000	esalliss1v@bbb.org	Elianora Salliss	759 Towne Court	1987-12-06	9655239060
73345217010824000000	phallam1w@alibaba.com	Padgett Hallam	345 Sunfield Avenue	1978-08-19	9883534654
50102312572269900000	fbarber1x@ezinearticles.com	Fanya Barber	7716 Spaight Center	1955-09-15	2186152890
92140299095311900000	ccliss1y@reuters.com	Corbett Cliss	2 Tennyson Crossing	1980-12-08	5691099464
81866137431349000000	mgainor1z@amazon.com	Maddi Gainor	\N	1990-09-23	3275711219
82515965237468500000	tbrear20@comcast.net	Tracie Brear	82909 Talmadge Road	1976-05-13	1146992884
66224667483840000000	dartingstall21@blinklist.com	Desmond Artingstall	4 Spaight Park	1951-05-24	2126587268
56766172520167900000	twherry22@sourceforge.net	Tomaso Wherry	434 Hanson Plaza	1977-03-23	3733234210
41168882853937000000	bguarnier23@ucoz.com	Bentley Guarnier	2 Corry Crossing	1966-08-24	\N
59133628896231500000	cwickerson24@nature.com	Carlyn Wickerson	4 Little Fleur Lane	1951-06-20	6933105895
71877974761201400000	lsockell25@123-reg.co.uk	Lucretia Sockell	\N	1962-10-30	8494422893
58818127384131200000	hrylance26@shutterfly.com	Hayward Rylance	41 West Pass	1951-05-17	3529200114
53065084198194700000	jscopes27@craigslist.org	Jarrid Scopes	864 Mendota Plaza	1970-01-30	2031769545
83869310868061900000	gboustead28@wordpress.com	Garrek Boustead	71551 Vidon Junction	1961-03-01	4611540533
6038292050671900000	sryman29@epa.gov	Selig Ryman	69 Northridge Point	1963-04-25	5877631474
78371410591386700000	ebelsham2a@sakura.ne.jp	Emmalyn Belsham	\N	1978-01-10	4071324919
27275035363780700000	bpershouse2b@google.pl	Billy Pershouse	0504 Crest Line Way	1981-09-20	4741894165
41359624929706900000	dgomar2c@illinois.edu	Dulcinea Gomar	385 Mcbride Park	1959-06-29	7871406674
5874979533403430000	aguitton2d@sun.com	Aarika Guitton	347 Continental Street	1960-01-21	8762442989
22977432664710700000	lbayley2e@miitbeian.gov.cn	Loutitia Bayley	3 Talmadge Pass	1998-07-25	1245729245
30471037721434700000	onixon2f@who.int	Olivero Nixon	892 Homewood Parkway	1979-08-04	\N
12480081056580300000	abaser2g@yahoo.com	Addy Baser	\N	1971-06-08	2798546780
99327332362033700000	callone2h@ow.ly	Cesar Allone	853 Dexter Drive	1966-07-11	4131778731
39837692130274100000	fsimants2i@usgs.gov	Franni Simants	85739 Iowa Plaza	1988-05-07	6737597847
44484237549777800000	gcorston2j@go.com	Gypsy Corston	5 Gina Drive	1998-12-28	1281989314
32225560109880800000	cdomenichelli2k@baidu.com	Corri Domenichelli	32 Sycamore Alley	1958-11-04	4945122098
9185540750118850000	amessenbird2l@mtv.com	Artus Messenbird	909 Loomis Lane	1992-07-10	1288273748
38699635503090500000	xde2m@github.io	Xaviera De Bruijn	50 Northridge Pass	1969-06-26	\N
52813481667799300000	stincombe2n@dot.gov	Shanon Tincombe	\N	1997-11-13	8134602247
78900250899258700000	adurbyn2o@spiegel.de	Arlana Durbyn	84 Sloan Center	1956-12-01	3721593489
39511977104706700000	ebatchan2p@mashable.com	Edgar Batchan	35 Macpherson Court	1998-08-16	2715764579
65302985726919200000	rcussons2q@wikimedia.org	Rufus Cussons	2 Cherokee Court	1956-12-09	7889645176
19669452178387300000	mperrott2r@cornell.edu	Mac Perrott	175 Burrows Drive	1992-04-03	2225826476
\.


--
-- Data for Name: petugas; Type: TABLE DATA; Schema: bike_sharing; Owner: db2018043
--

COPY bike_sharing.petugas (ktp, gaji) FROM stdin;
60905101081397600000	2880000
27561355591706900000	3200000
29770319367065400000	2730000
21414515854578700000	2946000
86540372804538400000	3250000
24430453108539000000	3450000
78367783901695300000	2925000
77821123017385700000	3233000
18327661176650900000	2642000
91193983689279000000	3384000
87227519374495900000	2517000
94938438068521200000	3407000
93119725427679900000	3811000
89553380902065100000	3744000
32788019040900800000	2930000
81431551003094900000	2949000
48508758602130300000	3050000
226896449180423000	3060000
30821107635767600000	3270000
36530714135382700000	3210000
31121769890547200000	3950000
57748706195903800000	3010000
16070333290409400000	2730000
39843190564964900000	2708000
42805173267828500000	2610000
80306678737042400000	3890000
74282088795179800000	2960000
44715735547447400000	3340000
36712955232691900000	2650000
53305355159000300000	3330000
\.


--
-- Data for Name: sepeda; Type: TABLE DATA; Schema: bike_sharing; Owner: db2018043
--

COPY bike_sharing.sepeda (nomor, merk, jenis, status, id_stasiun, no_kartu_penyumbang) FROM stdin;
7854169397	Lapierre	Sepeda Fixie	t	4925129139	2593438459
9844768449	Trek	Sepeda Gunung	t	4208390123	\N
1681512228	Polygon	Sepeda Hybrid	f	4208390123	\N
9410437745	United	Sepeda Fixie	f	0428002676	\N
8602966281	Rocky	Sepeda Lipat	f	9269756831	\N
9201510973	KONA	Sepeda Hybrid	f	4925129139	2533869562
1469543774	KONA	Sepeda BMX	t	6786585132	\N
8851561247	Giant	Sepeda Gunung	f	4208390123	\N
1134488142	Cube	Sepeda Balap	f	9104698282	\N
6056729083	United	Sepeda Hybrid	t	6112064243	\N
5266664745	Wimcycle	Sepeda BMX	t	9365588847	6433021479
3085521620	KONA	Sepeda Hybrid	t	4925129139	\N
4628989391	Wimcycle	Sepeda Fixie	f	4208390123	\N
2150806452	KONA	Sepeda Fixie	t	5542867111	\N
6350290470	Rocky	Sepeda Fixie	f	3837253562	4066894403
2816311442	Wimcycle	Sepeda Balap	f	8098087360	8787488825
1477041583	Lapierre	Sepeda Gunung	t	1357777809	\N
247419532	KONA	Sepeda Balap	t	6786585132	\N
1300916205	Giant	Sepeda Hybrid	f	1681691043	\N
1856939308	Cube	Sepeda BMX	f	2191292976	4498058633
9046761950	Wimcycle	Sepeda Lipat	t	3710606640	\N
9036272767	Wimcycle	Sepeda Hybrid	t	5131629586	\N
3038513591	Polygon	Sepeda BMX	f	5131629586	\N
9939671283	KONA	Sepeda Gunung	t	5131629586	\N
310223240	Rocky	Sepeda Balap	t	6786585132	4597081008
1791059432	Lapierre	Sepeda Hybrid	t	0428002676	\N
160200544	KONA	Sepeda BMX	t	9269756831	\N
4726372822	Giant	Sepeda Hybrid	t	4925129139	\N
2912768451	Cube	Sepeda Fixie	f	5991291160	\N
5598919725	Trek	Sepeda BMX	f	5131629586	\N
1330009674	Wimcycle	Sepeda Gunung	f	9104698282	3423060898
1907768438	Polygon	Sepeda Balap	t	9104698282	\N
2030994868	United	Sepeda Hybrid	f	9104698282	\N
1900382594	KONA	Sepeda Fixie	t	3837253562	\N
2318264597	Giant	Sepeda Balap	f	1357777809	4549357559
540098460	United	Sepeda Balap	t	9104698282	\N
6134716610	Trek	Sepeda Balap	t	1681691043	\N
5136174378	Wimcycle	Sepeda Hybrid	f	2191292976	\N
321056141	Trek	Sepeda BMX	t	3710606640	\N
7960460388	United	Sepeda Lipat	f	6425861886	6518856692
9803120831	Rocky	Sepeda Fixie	f	4208390123	\N
8010371788	Wimcycle	Sepeda Hybrid	t	5991291160	\N
9772787024	Polygon	Sepeda Hybrid	t	5131629586	7013819507
5416229252	United	Sepeda Hybrid	t	9104698282	\N
8102353281	Trek	Sepeda Fixie	f	1357777809	\N
8282779129	Wimcycle	Sepeda Balap	f	5131629586	\N
7732326619	Polygon	Sepeda Gunung	t	1357777809	\N
2850321447	United	Sepeda Balap	t	5131629586	6445175004
1072128748	Rocky	Sepeda Hybrid	f	5131629586	\N
8098667606	Lapierre	Sepeda Balap	f	5131629586	\N
\.


--
-- Data for Name: stasiun; Type: TABLE DATA; Schema: bike_sharing; Owner: db2018043
--

COPY bike_sharing.stasiun (id_stasiun, alamat, lat, long, nama) FROM stdin;
3837253562	689 Carioca Avenue	25.7007313	107.63118	Tampflex
1357777809	097 Sunfield Way	14.6100655	121.007843	Y-find
5747260200	54 Melrose Center	41.3176384	-8.54254818	Otcom
1681691043	024 Jenifer Parkway	30.8936958	50.0932426	Tresom
2191292976	90257 Kropf Alley	53.6845779	14.6815529	Sonair
3710606640	40300 Everett Street	-1.67758203	-48.960598	Sub-Ex
6425861886	6 Dottie Road	14.670764	-91.196846	Toughjoyfax
4208390123	7598 Eagan Trail	40.5843773	21.4901676	Otcom
8098087360	02842 Kinsman Parkway	14.4069118	121.020584	Kanlam
6786585132	0269 Continental Plaza	22.9352894	113.670326	Bytecard
0428002676	058 Dorton Road	38.4166641	112.734177	Zamit
9269756831	8 Kipling Road	48.9749527	28.8474083	Treeflex
4925129139	9825 Superior Crossing	10.9035397	123.0597	It
5991291160	57 Carioca Park	33.0254326	119.020584	Aerified
5131629586	92468 Dawn Court	29.6053677	106.5728	Stringtough
9104698282	9 Bultman Street	39.3547134	67.8569794	Konklux
6112064243	052 Old Shore Park	27.6616993	120.56105	Flexidy
9365588847	5 Vermont Drive	15.1135149	-89.3626556	Otcom
9096044711	7 Donald Avenue	-31.3320808	-64.3084259	Tres-Zap
5542867111	207 Annamark Center	51.8976479	21.8061638	Zoolab
\.


--
-- Data for Name: transaksi; Type: TABLE DATA; Schema: bike_sharing; Owner: db2018043
--

COPY bike_sharing.transaksi (no_kartu_anggota, date_time, jenis, nominal) FROM stdin;
6518856692	2018-10-10 00:00:00	denda	10000
1317810448	2018-10-11 00:00:00	biaya pinjam	11000
6237746507	2018-10-12 00:00:00	top up	12000
8407388522	2018-10-13 00:00:00	denda	13000
131081994	2018-10-14 00:00:00	biaya pinjam	14000
1517683826	2018-10-15 00:00:00	top up	15000
5086620137	2018-10-16 00:00:00	denda	16000
9167927654	2018-10-17 00:00:00	biaya pinjam	17000
5939417307	2018-10-18 00:00:00	top up	18000
9103683607	2018-10-19 00:00:00	denda	19000
450043801	2018-10-20 00:00:00	biaya pinjam	20000
6071887584	2018-10-21 00:00:00	top up	21000
5260883654	2018-10-22 00:00:00	denda	22000
3423060898	2018-10-23 00:00:00	biaya pinjam	23000
7253985490	2018-10-24 00:00:00	top up	24000
1583865438	2018-10-25 00:00:00	denda	25000
2436034767	2018-10-26 00:00:00	biaya pinjam	26000
967894736	2018-10-27 00:00:00	top up	27000
7013819507	2018-10-28 00:00:00	denda	28000
6375013965	2018-10-29 00:00:00	biaya pinjam	29000
2593438459	2018-10-01 00:00:00	top up	30000
6445175004	2018-10-02 00:00:00	denda	31000
8878154008	2018-10-03 00:00:00	biaya pinjam	32000
2924747040	2018-10-04 00:00:00	top up	33000
7009717941	2018-10-05 00:00:00	denda	34000
1418506018	2018-10-06 00:00:00	biaya pinjam	35000
9574531770	2018-10-07 00:00:00	top up	36000
2533869562	2018-10-08 00:00:00	denda	37000
8082921638	2018-10-09 00:00:00	biaya pinjam	38000
1792482745	2018-10-10 00:00:00	top up	39000
4514433637	2018-10-11 00:00:00	denda	40000
25054823	2018-10-12 00:00:00	biaya pinjam	41000
5515693250	2018-10-13 00:00:00	top up	42000
6873052691	2018-10-14 00:00:00	denda	43000
4365866327	2018-10-15 00:00:00	biaya pinjam	44000
6107950633	2018-10-16 00:00:00	top up	45000
8398917650	2018-10-17 00:00:00	denda	46000
5192020862	2018-10-18 00:00:00	biaya pinjam	47000
6433021479	2018-10-19 00:00:00	top up	48000
6768594953	2018-10-20 00:00:00	denda	49000
2609798802	2018-10-21 00:00:00	biaya pinjam	50000
1152716705	2018-10-22 00:00:00	top up	51000
7433488007	2018-10-23 00:00:00	denda	52000
2877947290	2018-10-24 00:00:00	biaya pinjam	53000
6950199628	2018-10-25 00:00:00	top up	54000
2280007178	2018-10-26 00:00:00	denda	55000
8775028187	2018-10-27 00:00:00	biaya pinjam	56000
5072021042	2018-10-28 00:00:00	top up	57000
1095381195	2018-10-29 00:00:00	denda	58000
9328581451	2018-10-30 00:00:00	biaya pinjam	59000
4066894403	2018-09-01 00:00:00	top up	60000
2635268019	2018-09-02 00:00:00	denda	61000
2085177178	2018-09-03 00:00:00	biaya pinjam	62000
4170216822	2018-09-04 00:00:00	top up	63000
5953175415	2018-09-05 00:00:00	denda	64000
2903257695	2018-09-06 00:00:00	biaya pinjam	65000
3037539361	2018-09-07 00:00:00	top up	66000
4707625755	2018-09-08 00:00:00	denda	67000
9192876330	2018-09-09 00:00:00	biaya pinjam	68000
4498058633	2018-09-10 00:00:00	top up	69000
3490453720	2018-09-11 00:00:00	denda	70000
3877752493	2018-09-12 00:00:00	biaya pinjam	71000
604065274	2018-09-13 00:00:00	top up	72000
7642205090	2018-09-14 00:00:00	denda	73000
4597081008	2018-09-15 00:00:00	biaya pinjam	74000
6335535955	2018-09-16 00:00:00	top up	75000
288386672	2018-09-17 00:00:00	denda	76000
2123869235	2018-09-18 00:00:00	biaya pinjam	77000
8787488825	2018-09-19 00:00:00	top up	78000
4549357559	2018-09-20 00:00:00	denda	79000
9328581451	2018-09-21 00:00:00	biaya pinjam	80000
4066894403	2018-09-22 00:00:00	top up	81000
2635268019	2018-09-23 00:00:00	denda	82000
2085177178	2018-09-24 00:00:00	biaya pinjam	83000
4170216822	2018-09-25 00:00:00	top up	84000
5953175415	2018-08-01 00:00:00	denda	85000
2903257695	2018-08-02 00:00:00	biaya pinjam	86000
3037539361	2018-08-03 00:00:00	top up	87000
4707625755	2018-08-04 00:00:00	denda	88000
9192876330	2018-08-05 00:00:00	biaya pinjam	89000
4498058633	2018-08-06 00:00:00	top up	90000
3490453720	2018-08-07 00:00:00	denda	91000
3877752493	2018-08-08 00:00:00	biaya pinjam	92000
604065274	2018-08-09 00:00:00	top up	93000
7642205090	2018-08-10 00:00:00	denda	94000
4597081008	2018-08-11 00:00:00	biaya pinjam	95000
6335535955	2018-08-12 00:00:00	top up	96000
288386672	2018-08-13 00:00:00	denda	97000
2123869235	2018-08-14 00:00:00	biaya pinjam	98000
8787488825	2018-08-15 00:00:00	top up	99000
4549357559	2018-08-16 00:00:00	denda	100000
9328581451	2018-08-17 00:00:00	biaya pinjam	101000
4066894403	2018-08-18 00:00:00	top up	102000
2635268019	2018-08-19 00:00:00	denda	103000
2085177178	2018-08-20 00:00:00	biaya pinjam	104000
4170216822	2018-08-21 00:00:00	top up	105000
5953175415	2018-08-22 00:00:00	denda	106000
2903257695	2018-08-23 00:00:00	biaya pinjam	107000
3037539361	2018-08-24 00:00:00	top up	108000
4707625755	2018-08-25 00:00:00	denda	109000
\.


--
-- Data for Name: transaksi_khusus_peminjaman; Type: TABLE DATA; Schema: bike_sharing; Owner: db2018043
--

COPY bike_sharing.transaksi_khusus_peminjaman (no_kartu_anggota, date_time, no_kartu_peminjam, datetime_pinjam, no_sepeda, id_stasiun) FROM stdin;
1317810448	2018-10-11 00:00:00	1317810448	2018-04-05 21:59:00	8102353281	1357777809
6237746507	2018-10-12 00:00:00	6237746507	2018-08-02 13:07:00	8282779129	5131629586
8407388522	2018-10-13 00:00:00	8407388522	2018-11-14 17:25:00	7732326619	1357777809
131081994	2018-10-14 00:00:00	131081994	2018-01-22 13:25:00	2850321447	5131629586
1517683826	2018-10-15 00:00:00	1517683826	2018-10-21 00:49:00	1072128748	5131629586
5939417307	2018-10-18 00:00:00	5939417307	2018-05-04 08:47:00	8010371788	5991291160
9103683607	2018-10-19 00:00:00	9103683607	2018-05-21 20:57:00	9772787024	5131629586
450043801	2018-10-20 00:00:00	450043801	2018-12-25 08:59:00	5416229252	9104698282
5260883654	2018-10-22 00:00:00	5260883654	2018-03-13 18:31:00	540098460	9104698282
3423060898	2018-10-23 00:00:00	3423060898	2018-10-25 21:18:00	6134716610	1681691043
7253985490	2018-10-24 00:00:00	7253985490	2018-05-31 12:43:00	5136174378	2191292976
1583865438	2018-10-25 00:00:00	1583865438	2018-05-03 19:43:00	321056141	3710606640
2436034767	2018-10-26 00:00:00	2436034767	2018-12-29 17:31:00	7960460388	6425861886
967894736	2018-10-27 00:00:00	967894736	2018-05-07 02:57:00	9803120831	4208390123
6375013965	2018-10-29 00:00:00	6375013965	2018-05-14 04:12:00	2912768451	5991291160
2593438459	2018-10-01 00:00:00	2593438459	2018-11-09 17:33:00	5598919725	5131629586
6445175004	2018-10-02 00:00:00	6445175004	2018-03-16 14:29:00	1330009674	9104698282
8878154008	2018-10-03 00:00:00	8878154008	2018-02-02 21:01:00	1907768438	9104698282
2924747040	2018-10-04 00:00:00	2924747040	2018-11-02 18:18:00	2030994868	9104698282
9574531770	2018-10-07 00:00:00	9574531770	2018-07-04 00:40:00	1856939308	2191292976
2533869562	2018-10-08 00:00:00	2533869562	2018-06-21 18:38:00	9046761950	3710606640
8082921638	2018-10-09 00:00:00	8082921638	2018-12-13 12:33:00	9036272767	5131629586
1792482745	2018-10-10 00:00:00	1792482745	2018-09-13 00:11:00	3038513591	5131629586
4514433637	2018-10-11 00:00:00	4514433637	2018-05-28 13:34:00	9939671283	5131629586
25054823	2018-10-12 00:00:00	25054823	2018-10-14 12:09:00	310223240	6786585132
5515693250	2018-10-13 00:00:00	5515693250	2018-05-28 23:13:00	1791059432	0428002676
6873052691	2018-10-14 00:00:00	6873052691	2018-11-03 08:16:00	160200544	9269756831
4365866327	2018-10-15 00:00:00	4365866327	2018-10-23 00:15:00	8602966281	9269756831
6107950633	2018-10-16 00:00:00	6107950633	2018-10-30 13:59:00	9201510973	4925129139
8398917650	2018-10-17 00:00:00	8398917650	2018-04-07 04:40:00	1469543774	6786585132
5192020862	2018-10-18 00:00:00	5192020862	2018-10-23 05:34:00	8851561247	4208390123
6433021479	2018-10-19 00:00:00	6433021479	2018-02-14 00:57:00	1134488142	9104698282
6768594953	2018-10-20 00:00:00	6768594953	2018-06-02 22:56:00	6056729083	6112064243
6518856692	2018-10-10 00:00:00	131081994	2018-08-02 13:07:00	8282779129	5131629586
5086620137	2018-10-16 00:00:00	6237746507	2018-01-22 13:25:00	2850321447	5131629586
9167927654	2018-10-17 00:00:00	8407388522	2018-10-21 00:49:00	1072128748	5131629586
6071887584	2018-10-21 00:00:00	1517683826	2018-11-14 17:25:00	7732326619	1357777809
7013819507	2018-10-28 00:00:00	9103683607	2018-05-04 08:47:00	8010371788	5991291160
7009717941	2018-10-05 00:00:00	5939417307	2018-05-21 20:57:00	9772787024	5131629586
1418506018	2018-10-06 00:00:00	5260883654	2018-12-25 08:59:00	5416229252	9104698282
\.


--
-- Data for Name: voucher; Type: TABLE DATA; Schema: bike_sharing; Owner: db2018043
--

COPY bike_sharing.voucher (id_voucher, nama, kategori, nilai_poin, deskripsi, no_kartu_anggota) FROM stdin;
4085004239	Viva	makanan	20	voucher lunch	2924747040
9686789820	Treeflex	sepeda	50	voucher free 1 jam	7009717941
2202785787	Treeflex	sepeda	50	voucher free 1 jam	1418506018
7338555435	Hatity	belanja	50	voucher diskon	9574531770
1543742084	Hatity	belanja	50	voucher diskon	2533869562
9038558074	Sonsing	atraksi	75	\N	5515693250
8534743088	Treeflex	sepeda	50	voucher free 1 jam	6873052691
1264500823	Treeflex	sepeda	50	voucher free 1 jam	4365866327
2017531294	Viva	makanan	20	voucher lunch	6107950633
9565772358	Treeflex	sepeda	50	voucher free 1 jam	8398917650
7455188749	Treeflex	sepeda	50	voucher free 1 jam	2280007178
8983679832	Sonsing	atraksi	75	\N	8775028187
7585588178	Hatity	belanja	50	voucher diskon	5072021042
9106894526	Hatity	belanja	50	voucher diskon	1095381195
328255726	Viva	makanan	20	voucher lunch	9328581451
5680430908	Treeflex	sepeda	50	voucher free 1 jam	2903257695
4654574212	Treeflex	sepeda	50	voucher free 1 jam	3037539361
3153163995	Sonsing	atraksi	75	\N	4707625755
3685064673	Treeflex	sepeda	50	voucher free 1 jam	9192876330
257984798	Treeflex	sepeda	50	voucher free 1 jam	4498058633
7682770961	Viva	makanan	20	voucher lunch	3490453720
6202469927	Treeflex	sepeda	50	voucher free 1 jam	6518856692
9253308591	Treeflex	sepeda	50	voucher free 1 jam	1317810448
9385187546	Treeflex	sepeda	50	voucher free 1 jam	6237746507
4586328126	Hatity	belanja	50	voucher diskon	8407388522
5217944676	Hatity	belanja	50	voucher diskon	6071887584
3191482105	Viva	makanan	20	voucher lunch	5260883654
1961617951	Hatity	belanja	50	voucher diskon	3423060898
2267210959	Viva	makanan	20	voucher lunch	7253985490
7398999771	Sonsing	atraksi	75	\N	1583865438
2885159456	Sonsing	atraksi	75	\N	2436034767
567208109	Viva	makanan	20	voucher lunch	6375013965
4045849955	Viva	makanan	20	voucher lunch	2593438459
897526481	Viva	makanan	20	voucher lunch	6445175004
2585580520	Viva	makanan	20	voucher lunch	8878154008
6631753627	Sonsing	atraksi	75	\N	2924747040
2487362596	Sonsing	atraksi	75	\N	7009717941
381947467	Treeflex	sepeda	50	voucher free 1 jam	1418506018
7817625670	Treeflex	sepeda	50	voucher free 1 jam	7642205090
2223509940	Viva	makanan	20	voucher lunch	4597081008
2628108704	Treeflex	sepeda	50	voucher free 1 jam	6335535955
2047705517	Viva	makanan	20	voucher lunch	2123869235
6617508637	Treeflex	sepeda	50	voucher free 1 jam	8787488825
5005022643	Treeflex	sepeda	50	voucher free 1 jam	4549357559
72312963	Viva	makanan	20	voucher lunch	6071887584
193476355	Treeflex	sepeda	50	voucher free 1 jam	5260883654
8154337606	Treeflex	sepeda	50	voucher free 1 jam	3423060898
5098198771	Viva	makanan	20	voucher lunch	6375013965
2027998047	Hatity	belanja	50	voucher diskon	2593438459
2998886329	Hatity	belanja	50	voucher diskon	6445175004
\.


--
-- Name: acara acara_pkey; Type: CONSTRAINT; Schema: bike_sharing; Owner: db2018043
--

ALTER TABLE ONLY bike_sharing.acara
    ADD CONSTRAINT acara_pkey PRIMARY KEY (id_acara);


--
-- Name: acara_stasiun acara_stasiun_pkey; Type: CONSTRAINT; Schema: bike_sharing; Owner: db2018043
--

ALTER TABLE ONLY bike_sharing.acara_stasiun
    ADD CONSTRAINT acara_stasiun_pkey PRIMARY KEY (id_stasiun, id_acara);


--
-- Name: anggota anggota_pkey; Type: CONSTRAINT; Schema: bike_sharing; Owner: db2018043
--

ALTER TABLE ONLY bike_sharing.anggota
    ADD CONSTRAINT anggota_pkey PRIMARY KEY (no_kartu);


--
-- Name: laporan laporan_pkey; Type: CONSTRAINT; Schema: bike_sharing; Owner: db2018043
--

ALTER TABLE ONLY bike_sharing.laporan
    ADD CONSTRAINT laporan_pkey PRIMARY KEY (id_laporan, no_kartu_anggota, datetime_pinjam, nomor_sepeda, id_stasiun);


--
-- Name: peminjaman peminjaman_pkey; Type: CONSTRAINT; Schema: bike_sharing; Owner: db2018043
--

ALTER TABLE ONLY bike_sharing.peminjaman
    ADD CONSTRAINT peminjaman_pkey PRIMARY KEY (no_kartu_anggota, datetime_pinjam, nomor_sepeda, id_stasiun);


--
-- Name: penugasan penugasan_pkey; Type: CONSTRAINT; Schema: bike_sharing; Owner: db2018043
--

ALTER TABLE ONLY bike_sharing.penugasan
    ADD CONSTRAINT penugasan_pkey PRIMARY KEY (ktp, start_datetime, id_stasiun);


--
-- Name: person person_email_key; Type: CONSTRAINT; Schema: bike_sharing; Owner: db2018043
--

ALTER TABLE ONLY bike_sharing.person
    ADD CONSTRAINT person_email_key UNIQUE (email);


--
-- Name: person person_pkey; Type: CONSTRAINT; Schema: bike_sharing; Owner: db2018043
--

ALTER TABLE ONLY bike_sharing.person
    ADD CONSTRAINT person_pkey PRIMARY KEY (ktp);


--
-- Name: petugas petugas_pkey; Type: CONSTRAINT; Schema: bike_sharing; Owner: db2018043
--

ALTER TABLE ONLY bike_sharing.petugas
    ADD CONSTRAINT petugas_pkey PRIMARY KEY (ktp);


--
-- Name: sepeda sepeda_pkey; Type: CONSTRAINT; Schema: bike_sharing; Owner: db2018043
--

ALTER TABLE ONLY bike_sharing.sepeda
    ADD CONSTRAINT sepeda_pkey PRIMARY KEY (nomor);


--
-- Name: stasiun stasiun_pkey; Type: CONSTRAINT; Schema: bike_sharing; Owner: db2018043
--

ALTER TABLE ONLY bike_sharing.stasiun
    ADD CONSTRAINT stasiun_pkey PRIMARY KEY (id_stasiun);


--
-- Name: transaksi_khusus_peminjaman transaksi_khusus_peminjaman_pkey; Type: CONSTRAINT; Schema: bike_sharing; Owner: db2018043
--

ALTER TABLE ONLY bike_sharing.transaksi_khusus_peminjaman
    ADD CONSTRAINT transaksi_khusus_peminjaman_pkey PRIMARY KEY (no_kartu_anggota, date_time);


--
-- Name: transaksi transaksi_pkey; Type: CONSTRAINT; Schema: bike_sharing; Owner: db2018043
--

ALTER TABLE ONLY bike_sharing.transaksi
    ADD CONSTRAINT transaksi_pkey PRIMARY KEY (no_kartu_anggota, date_time);


--
-- Name: voucher voucher_pkey; Type: CONSTRAINT; Schema: bike_sharing; Owner: db2018043
--

ALTER TABLE ONLY bike_sharing.voucher
    ADD CONSTRAINT voucher_pkey PRIMARY KEY (id_voucher);


--
-- Name: peminjaman trigger_hitung_denda; Type: TRIGGER; Schema: bike_sharing; Owner: db2018043
--

CREATE TRIGGER trigger_hitung_denda AFTER UPDATE ON bike_sharing.peminjaman FOR EACH ROW EXECUTE PROCEDURE bike_sharing.hitung_denda();


--
-- Name: acara_stasiun acara_stasiun_id_acara_fkey; Type: FK CONSTRAINT; Schema: bike_sharing; Owner: db2018043
--

ALTER TABLE ONLY bike_sharing.acara_stasiun
    ADD CONSTRAINT acara_stasiun_id_acara_fkey FOREIGN KEY (id_acara) REFERENCES bike_sharing.acara(id_acara) ON UPDATE CASCADE ON DELETE CASCADE;


--
-- Name: acara_stasiun acara_stasiun_id_stasiun_fkey; Type: FK CONSTRAINT; Schema: bike_sharing; Owner: db2018043
--

ALTER TABLE ONLY bike_sharing.acara_stasiun
    ADD CONSTRAINT acara_stasiun_id_stasiun_fkey FOREIGN KEY (id_stasiun) REFERENCES bike_sharing.stasiun(id_stasiun) ON UPDATE CASCADE ON DELETE CASCADE;


--
-- Name: anggota anggota_ktp_fkey; Type: FK CONSTRAINT; Schema: bike_sharing; Owner: db2018043
--

ALTER TABLE ONLY bike_sharing.anggota
    ADD CONSTRAINT anggota_ktp_fkey FOREIGN KEY (ktp) REFERENCES bike_sharing.person(ktp) ON UPDATE CASCADE ON DELETE CASCADE;


--
-- Name: laporan laporan_no_kartu_anggota_fkey; Type: FK CONSTRAINT; Schema: bike_sharing; Owner: db2018043
--

ALTER TABLE ONLY bike_sharing.laporan
    ADD CONSTRAINT laporan_no_kartu_anggota_fkey FOREIGN KEY (no_kartu_anggota, datetime_pinjam, nomor_sepeda, id_stasiun) REFERENCES bike_sharing.peminjaman(no_kartu_anggota, datetime_pinjam, nomor_sepeda, id_stasiun) ON UPDATE CASCADE ON DELETE CASCADE;


--
-- Name: peminjaman peminjaman_id_stasiun_fkey; Type: FK CONSTRAINT; Schema: bike_sharing; Owner: db2018043
--

ALTER TABLE ONLY bike_sharing.peminjaman
    ADD CONSTRAINT peminjaman_id_stasiun_fkey FOREIGN KEY (id_stasiun) REFERENCES bike_sharing.stasiun(id_stasiun) ON UPDATE CASCADE ON DELETE CASCADE;


--
-- Name: peminjaman peminjaman_no_kartu_anggota_fkey; Type: FK CONSTRAINT; Schema: bike_sharing; Owner: db2018043
--

ALTER TABLE ONLY bike_sharing.peminjaman
    ADD CONSTRAINT peminjaman_no_kartu_anggota_fkey FOREIGN KEY (no_kartu_anggota) REFERENCES bike_sharing.anggota(no_kartu) ON UPDATE CASCADE ON DELETE CASCADE;


--
-- Name: peminjaman peminjaman_nomor_sepeda_fkey; Type: FK CONSTRAINT; Schema: bike_sharing; Owner: db2018043
--

ALTER TABLE ONLY bike_sharing.peminjaman
    ADD CONSTRAINT peminjaman_nomor_sepeda_fkey FOREIGN KEY (nomor_sepeda) REFERENCES bike_sharing.sepeda(nomor) ON UPDATE CASCADE ON DELETE CASCADE;


--
-- Name: penugasan penugasan_id_stasiun_fkey; Type: FK CONSTRAINT; Schema: bike_sharing; Owner: db2018043
--

ALTER TABLE ONLY bike_sharing.penugasan
    ADD CONSTRAINT penugasan_id_stasiun_fkey FOREIGN KEY (id_stasiun) REFERENCES bike_sharing.stasiun(id_stasiun) ON UPDATE CASCADE ON DELETE CASCADE;


--
-- Name: penugasan penugasan_ktp_fkey; Type: FK CONSTRAINT; Schema: bike_sharing; Owner: db2018043
--

ALTER TABLE ONLY bike_sharing.penugasan
    ADD CONSTRAINT penugasan_ktp_fkey FOREIGN KEY (ktp) REFERENCES bike_sharing.petugas(ktp);


--
-- Name: petugas petugas_ktp_fkey; Type: FK CONSTRAINT; Schema: bike_sharing; Owner: db2018043
--

ALTER TABLE ONLY bike_sharing.petugas
    ADD CONSTRAINT petugas_ktp_fkey FOREIGN KEY (ktp) REFERENCES bike_sharing.person(ktp) ON UPDATE CASCADE ON DELETE CASCADE;


--
-- Name: sepeda sepeda_id_stasiun_fkey; Type: FK CONSTRAINT; Schema: bike_sharing; Owner: db2018043
--

ALTER TABLE ONLY bike_sharing.sepeda
    ADD CONSTRAINT sepeda_id_stasiun_fkey FOREIGN KEY (id_stasiun) REFERENCES bike_sharing.stasiun(id_stasiun) ON UPDATE CASCADE ON DELETE CASCADE;


--
-- Name: sepeda sepeda_no_kartu_penyumbang_fkey; Type: FK CONSTRAINT; Schema: bike_sharing; Owner: db2018043
--

ALTER TABLE ONLY bike_sharing.sepeda
    ADD CONSTRAINT sepeda_no_kartu_penyumbang_fkey FOREIGN KEY (no_kartu_penyumbang) REFERENCES bike_sharing.anggota(no_kartu) ON UPDATE CASCADE ON DELETE CASCADE;


--
-- Name: transaksi_khusus_peminjaman transaksi_khusus_peminjaman_no_kartu_anggota_fkey; Type: FK CONSTRAINT; Schema: bike_sharing; Owner: db2018043
--

ALTER TABLE ONLY bike_sharing.transaksi_khusus_peminjaman
    ADD CONSTRAINT transaksi_khusus_peminjaman_no_kartu_anggota_fkey FOREIGN KEY (no_kartu_anggota, date_time) REFERENCES bike_sharing.transaksi(no_kartu_anggota, date_time) ON UPDATE CASCADE ON DELETE CASCADE;


--
-- Name: transaksi_khusus_peminjaman transaksi_khusus_peminjaman_no_kartu_peminjam_fkey; Type: FK CONSTRAINT; Schema: bike_sharing; Owner: db2018043
--

ALTER TABLE ONLY bike_sharing.transaksi_khusus_peminjaman
    ADD CONSTRAINT transaksi_khusus_peminjaman_no_kartu_peminjam_fkey FOREIGN KEY (no_kartu_peminjam, datetime_pinjam, no_sepeda, id_stasiun) REFERENCES bike_sharing.peminjaman(no_kartu_anggota, datetime_pinjam, nomor_sepeda, id_stasiun) ON UPDATE CASCADE ON DELETE CASCADE;


--
-- Name: transaksi transaksi_no_kartu_anggota_fkey; Type: FK CONSTRAINT; Schema: bike_sharing; Owner: db2018043
--

ALTER TABLE ONLY bike_sharing.transaksi
    ADD CONSTRAINT transaksi_no_kartu_anggota_fkey FOREIGN KEY (no_kartu_anggota) REFERENCES bike_sharing.anggota(no_kartu) ON UPDATE CASCADE ON DELETE CASCADE;


--
-- Name: voucher voucher_no_kartu_anggota_fkey; Type: FK CONSTRAINT; Schema: bike_sharing; Owner: db2018043
--

ALTER TABLE ONLY bike_sharing.voucher
    ADD CONSTRAINT voucher_no_kartu_anggota_fkey FOREIGN KEY (no_kartu_anggota) REFERENCES bike_sharing.anggota(no_kartu) ON UPDATE CASCADE ON DELETE CASCADE;


--
-- Name: SCHEMA public; Type: ACL; Schema: -; Owner: postgres
--

REVOKE ALL ON SCHEMA public FROM PUBLIC;
REVOKE ALL ON SCHEMA public FROM postgres;
GRANT ALL ON SCHEMA public TO postgres;
GRANT ALL ON SCHEMA public TO PUBLIC;


--
-- PostgreSQL database dump complete
--

